nom;indiccanop;gid
Place Puvis de Chavannes;0,57;1
Allce des Carlines;0,12;2
Place Jean de la Fontaine;0,11;3
Place Jean Jaurès;0,39;4
Square Séraphin Bouvier;0,00;5
Place Kellermann;0,45;6
Passage de la Traille;0,48;7
Place Roger Salengro;0,32;8
Square du 19 Mars 1962;0,49;9
Place Arles Dufour;0,00;10
Parc Chabrières Arles;0,64;11
Jardin du Cuir;0,60;21
Square Monseigneur Alfred Ancel;0,91;22
Place des Pavillons;0,82;23
Place Bénédict Tessier;0,86;82
Place des Compagnons de la Chanson;0,73;83
Parc Victor Basch;0,15;12
Place du Tertre;0,54;13
Place de l'Ecole;0,35;24
Voie Verte Hall Tony Garnier;0,00;25
Place Giovanni Da Verazzano;0,55;176
Parc des Minguettes;0,48;14
Mail de la Bicherée;0,16;15
Square du 11 Novembre 1918;0,35;16
Place des Quatre Chemins;0,84;17
Place Salvador Allende;0,00;18
Place Jeanne d'Arc;0,00;19
Plaine des jeux de Gerland;0,16;20
Place Sathonay;0,92;217
Square Monod;0,38;26
Place des Docteurs Mérieux;0,11;27
Parvis René Descartes;0,00;28
Square Jean Vallier;0,60;29
Place A. Morin;1,00;30
Jardin Gabriel Rosset;0,00;31
Place du Général Leclerc;0,34;32
Jardin Georges Duthy;0,40;33
Jardin Georges Duthy;0,43;34
Place Jean-Désiré Trait;0,55;35
Square Saint-Exupéry;0,25;36
Square du Commandant Ayasse;0,99;37
Jardin des Arbuzzes;0,00;38
Square Clément Marot;0,83;39
Jardin Marie Madeleine Fourcade;0,45;40
Jardin François Raclet;0,00;41
Place des Mariniers;0,70;42
Petite Place des Sallins;0,26;43
Jardin aquatique Jean Couty;0,14;44
Jardin aquatique Jean Couty;0,00;45
Jardin du TOL;0,04;84
Jardin d'Erevan;0,41;46
Jardin aquatique Ouagadougou;0,05;47
Square Général Delfosse;0,46;48
Jardin de L'Hippodrome;0,68;49
Place des Archives;0,00;50
Place Gensoul;0,67;51
Place d'Ainay;0,76;52
Square Janmot;0,86;53
Place Gailleton;0,49;54
Square Widor;0,80;55
Place Antoine Vollon;0,45;56
Place Antonin Gourjus;0,00;57
Place des Célestins;0,41;58
Place Francisque Regaud;0,85;59
Place des Cordeliers;0,38;60
Place Antoine Rivoire;0,92;61
Place Saint Nizier;0,00;62
Ilot de la paix;0,10;63
Place Gabriel Rambaud;0,98;64
Square Jean Tricou;0,72;79
Square Père Chaillet;0,00;80
Jardin des mures;0,12;85
Esplanade Lichfield;0,40;65
Place Clair Tisseur;0,00;66
Place Lieutenant Soubeirat;0,47;67
Place Antonin Poncet;0,19;68
Place Antonin Poncet;0,26;69
Place Ampère;0,37;70
Square Charcot;0,24;71
Place Laurent Paul;0,23;72
Place Cesar Geoffray;0,65;73
Promenade Violette Germain;0,60;74
Place de l'Europe;0,44;75
Place du Chater;0,22;76
Place de l'Hôtel de Ville;0,19;77
Square du Floralies;0,38;78
Parc de la Mairie du 5e;0,44;81
Parc des Muriares;0,56;86
Jardin Docteur Schweitzer;0,67;87
Place Hippolyte Péragut;0,14;88
Square Gabrielle Dupond-Ebrard;0,64;89
Parc de la Garde;0,90;90
Parc de Champvert;0,71;91
Square du CS Champvert;0,82;92
Parc de la Chapelle;0,67;93
Parc des Hautefeuilles;0,87;94
Place de Trion;0,96;95
Square des Basses Verchores;0,88;96
Place Eugène Wernert;0,52;97
Square des Deux Amants;0,95;98
Square du Béal;0,64;99
Jardin Joannus Masset;0,29;128
Place Fernand Rey;0,67;218
Jardin de la Vallonière;0,62;100
Jardin Pierre Thévenin;0,46;101
Place du 158eme régiment d'infanterie;0,00;102
Jardin des pivoines Sarra;0,49;103
Place Bourgneuf;0,98;104
Place Ennemont Fousseret;0,00;105
Jardin du Boeuf;0,89;106
Jardin de la Basoche;0,00;107
Square des Estrées;0,92;108
Jardin du Conservatoire de Musique;0,71;109
Place de l'Antiquaille;0,86;110
Jardin Théatre Romain Fourvière;0,21;111
Parc de la Visitation;0,57;112
Jardin Francine Chollet;0,00;113
Jardin Père François Varillon;0,46;114
Voie Verte Garibaldi;0,00;509
Place Père François Varillon;0,90;115
Jardin Jean Choux;0,85;116
Jardin de Montreal;0,63;117
Square Fillon;0,84;118
Jardin Pierre Bossan;0,34;119
Place des Minimes;0,60;120
Jardin de l'Antiquaille Minimes;0,56;121
Place du Port-Neuf;0,00;122
Place de la Commanderie;0,00;123
Place François Bertras;0,22;124
Jardin Bâtonnier Valensio;0,78;125
Place Benoît Crepu;0,00;126
Esplanade Lina Cretet;0,22;127
Voie Verte Garibaldi;0,00;510
Square de l'observance;0,47;129
Place Jean Monnet;0,36;130
Place de la Rhodiaceta;0,00;131
Place de la Rhodiaceta;0,00;132
Place de la Rhodiaceta;0,00;133
Parc Michèle Mollard;0,55;134
Place Dumas de Loire;1,00;135
Place Alfred de Vanderpol;0,66;136
Place du Port Mouton;0,00;137
Place du Marché Mairie du 9e;0,00;138
Place Ferber;0,88;139
Place de l'Abbé Pierre;0,15;154
Square Compas Raison;0,21;155
Square des Marronniers;0,69;156
Square Averroas;0,09;157
Jardin de la Sauvegarde;0,54;158
Voie Verte Garibaldi;0,00;511
Parc Montel;0,64;140
Square Tanneurs;0,32;141
Jardin Terrasse Perrache;0,30;142
Jardin Terrasse Perrache;0,00;143
Square Roquette;0,00;144
Square Roquette Valmy;0,31;145
Square Nérard;0,45;146
Jardin Marietton;0,22;147
Square Tabard;0,91;148
Square André Canard;0,00;149
Jardin Jean Fournier;0,05;150
Square du Château;0,30;151
Square Jean Fournier;0,87;152
Square de la Duchère;0,40;153
Place Quai de bellevue;0,62;276
Square des 400;0,51;159
Square de Beer Sheva;0,04;160
Place Bachaga Boualem;0,46;161
Parc de Balmont;0,88;162
Square de Foucade;0,62;163
Place du Pérollier;0,47;164
Place de la Mairie;0,64;165
Square Claude Girardon;0,80;166
Square de la Fontaine;0,58;167
Place de l'Abbé Boursier;0,00;168
Place Louis Pradel;0,29;169
Place Marc Morel;0,96;170
Place Leonard Peyrat;0,62;171
Place Leonard Peyrat;0,86;172
Jardin des Rivieres;0,46;173
Jardin des Saules;0,49;174
Place Giovanni Da Verazzano;0,20;175
Jardin des Trembles;0,00;177
Square Morlot;0,99;178
Square Sédaillan;0,51;179
Square Edouard Mouriquand;0,92;180
Square Edouard Mouriquand;1,00;181
Jardin de L'île Barbe;0,92;182
Jardin de l'île Barbe;0,98;183
Place Henri Barbusse;0,00;184
Place Henri Barbusse;0,15;185
Parc de la Mairie Annexe du 9e;0,91;186
Place de Saint Rambert;0,37;187
Parc Saint Rambert;0,38;188
Parc de Montpellas;0,74;189
Place Bernard Schonberg;0,00;190
Place du Forez;0,00;215
Parc de Grand Champ;0,56;191
Jardin Mur du Roc;0,92;192
Place Maurice Barriot;0,89;193
Jardin des Trois Gouttes;0,32;194
Square Paul Cazanne;0,55;195
Square Maurice Ravel;1,00;196
Square Pierre Puget;0,75;197
Place Auguste Gouverne;0,84;198
Place de la République;0,15;199
Place Chanoine Chatard;0,54;200
Square Eugène Varlin;0,14;474
Square du Vergoin;0,53;201
Place des Terreaux;0,00;202
Place de la Comédie;0,00;203
Place Tobie Robatel;0,44;204
Place saint Vincent;0,00;205
Place Tolozan;0,93;206
Place du Griffon;0,25;207
Square du Thou;0,00;208
Jardin Croix Paquet;0,83;209
Square de Villemanzy;0,34;210
Place Colbert;0,86;211
Place Chardonnet;0,98;212
Jardin Burdeau;0,00;213
Jardin Dalle Rozier;0,00;214
Place des Capucins;0,00;216
Jardin des Plantes;0,40;219
Jardin de la Grande Cpte;0,52;220
Square de l'Alma;0,52;221
Parc Sutter;0,70;222
Place Morel;0,47;223
Jardin Morel;0,47;224
Square Soeur Louise;0,00;225
Jardin Close Saint Benoit;0,00;226
Place Rouville;0,54;227
Place Port de Neuville;0,97;228
Square Saint-Vincent;0,90;229
Jardin de la Butte;0,91;230
Place des Chartreux;0,96;231
Square Carquillat;0,24;232
Square Roger Duplat;0,71;233
Place Serin;0,74;234
Square Hugues Limonti;0,77;503
Place Michel Servet;0,00;235
Place Chazette;0,00;236
Jardin Bodin Magneval;0,55;237
Square de Vaucansson;0,37;238
Jardin aux simples;0,00;239
Jardin B.Frangin Dejean;0,88;240
Jardin B.Frangin Dejean;0,97;241
Place Tabareau;0,75;242
Place Millaud;0,84;243
Place des Tapis;0,07;244
Place de la Croix-Rousse;0,28;245
Esplanade du Gros Caillou;0,07;246
Esplanade du Gros Caillou;0,14;247
Jardin Francis Deswarte;0,74;248
Place Saint Jacques;0,12;249
Place Bertone;1,00;250
Jardin Guylaine Gouzou-Testud;0,00;251
Jardin Clos Carret;0,13;252
Place Croix de Bois;0,00;253
Place Flammarion;0,68;254
Place Picard;0,94;255
Parc Francis Popy;0,65;256
Place Emilie Chanel;0,79;257
Parc Villa Chazière;0,48;258
Voie Verte Garibaldi;0,42;504
Petit Parc Serin;0,60;259
Place Adrien Godien;0,00;260
Jardin Saint Eucher;1,00;261
Jardin de la Boucle;0,22;262
Square Niel;0,00;263
Square Polnard;0,78;264
Place du Commandant Arnaud;0,60;265
Place Mattelon;0,91;266
Place Joannes Ambre;0,08;267
Jardin Rosa Mir;0,20;268
Place Edouard Charret;0,24;269
Square Bouvier;0,78;270
Square Gustave Auguste Ferrié;0,81;271
Jardin d'Ypres;0,88;272
Square Ninon Vallin;0,72;273
Bois de la Caille;0,99;274
Place Jules Ferry;0,48;275
Place Laurent Bonnevay;0,48;277
Place Laurent Bonnevay;0,32;278
Place Laurent Bonnevay;0,18;279
Square Jean Corbel;0,70;282
Voie de la Dombes;0,25;283
Voie de la Dombes;0,12;284
Voie de la Dombes;0,97;285
Voie de la Dombes;0,67;286
Voie Verte Garibaldi;0,97;505
Parc de la Jeunesse;0,70;280
Parc de la Jeunesse;0,83;281
Place de Crépieux;0,26;299
Place du traitre de Romes;0,00;300
Voie Verte Léopold Sédar Senghor;0,00;301
Voie Verte Garibaldi;0,83;506
Voie de la Dombes;0,48;287
Voie de la Dombes;0,52;288
Voie de la Dombes;0,81;289
Voie de la Dombes;0,77;290
Square jean Pellet;0,30;291
Place Christophe Colomb;0,93;292
Place Valentin Hauy;0,41;293
Place Gutenberg;0,15;294
Place Louis Braille;0,02;295
Place du Docteur Frederic Dugoujon;0,15;296
Place de l'Eglise;0,00;297
Square André Lassagne;0,34;298
Voie Verte Léopold Sédar Senghor;0,00;302
Place Jean de Verrazane;0,03;303
Square Nadaud Leclerc;0,38;304
Square des 44 enfants d'Izieu;0,00;305
Square Jules Guesde;0,10;306
Parc Clos Layat;0,06;307
Parc du Moulin e Vent;0,00;308
Place Julien Duret;0,47;309
Place Ennemond Romand;0,58;310
Place Ennemond Romand;0,27;311
Jardin de Pressensé;0,09;312
Place des Anciens Combattants;0,96;313
Jardin René et Madeleine Caille;0,46;314
Place du 8 Mai 1945;0,26;315
Square des Amariques;0,00;316
Square Renée Mayoud Visconti;0,42;317
Jardin Viviani;0,04;318
Square Serpollieres;0,34;319
Square Picod;0,07;320
Square Normandie-Niemen;0,31;321
Square du 14e Zouave;0,71;322
Place Louis Lebret;0,27;323
Jardin du Presbytère;0,48;324
Place Professeur Joseph Renault;0,00;361
Place Belleville;0,38;325
Parc Léon Pfeffer;0,65;326
Square benoit Bernard;0,00;327
Jardin Chollat;0,73;328
Place Mendès France;0,00;329
Place du 11 Novembre 1918;0,34;330
Square Varichon;0,45;331
Jardin du Corps Expeditionnaire Français en Italie;0,34;332
Promenade Juliette Guillot;0,00;333
Promenade Juliette Guillot;0,00;334
Place Général André;0,59;335
Jardin Marie Ducher;0,61;336
Square Michaud;0,02;337
Jardin Jean Mermoz;0,32;338
Place André Latarjet;0,30;339
Square de l'Agora;0,43;340
Place Leon Sublet;0,24;341
Place Leon Sublet;0,26;342
Place Jules Grandclement;0,04;343
Square Jean XXIII;0,69;362
Jardin Promenade Léa et Napoléon Bullukian;0,22;363
Jardin Cazeneuve;0,14;344
Place Louis Jouvet;0,77;345
Square Laurent Bonneway;0,75;346
Square Martin Luther King;0,00;347
Square Caroline Aigle;0,34;348
Place Sangnier;0,76;349
Place Julie Daubié;0,57;350
Jardin Genton;0,61;351
Jardin du Combattant d'Indochine;0,41;352
Jardin Antoine Perrin;0,80;353
Square Adolphe Lafont;0,34;354
Square Thomas Blanchet;1,00;355
Square Jean de Torcy;0,46;356
Square Jean de Torcy;0,47;357
Square du Transvaal;0,45;358
Jardin Bargoin;0,40;359
Square Professeur Morat;0,19;360
Place d'Arsonval;0,90;364
Place Ambroise Courtois;0,32;365
Jardin du Docteur René Biot;0,47;366
Square Berchet;0,18;367
Square de la Laïcite;0,30;368
Square de la Fraternité;0,00;369
Jardin Marius Berliet;0,26;370
Jardin Saint Nestor;0,42;371
Square Henri Pensier;0,00;372
Square Saint Hippolyte;0,67;373
Place de Stalingrad;0,76;374
Square du Béguin;0,36;375
Square René Bayet;0,00;376
Square du Brigadier Voituret;0,49;377
Place Jean Macé;0,85;378
Place Jean Macé;0,85;379
Place Jean Macé;0,98;380
Place Jean Macé;1,00;381
Square Chevreul;0,09;382
Place Saint Louis;0,43;383
Square Aristide Briand;0,79;384
Place Aristide Briand;1,00;385
Place Adb El-Kader;1,00;386
Place Victor Basch;0,91;387
Place Victor Basch;0,67;388
Voie Verte Garibaldi;0,41;507
Voie Verte Garibaldi;0,17;508
Jardin Saint Michel;0,72;389
Square Mazagran;0,09;390
Place du Prado;1,00;391
Place du Commandant Bulard;0,00;392
Square Deperet;0,82;393
Place Ollier;0,34;394
Square Raspail;1,00;395
Square Raspail;0,49;396
Square Calmette;0,70;397
Place de Weingarten;0,27;398
Square André Lacroix;0,89;399
Place de la Liberté;0,00;400
Place Baptiste Curial;0,18;401
Square Ampère;0,00;402
Place Georges Brassens;0,00;403
Square de la Pagère;0,09;404
Place Gaillard Romanet;0,17;405
Place Jules Hottin;0,62;406
Square Farrère;0,98;407
Square Noël Aymard;0,47;408
Place Claudia;0,79;409
Square Viala;0,67;410
Place Charles Dufraine;0,87;411
Bois des Chênes;0,99;412
Jardin du Château;0,67;413
Place du Château;1,00;414
Jardin Richard Vitton;0,00;415
Place Kimmerling;0,72;416
Place d'Espagne;0,60;417
Square Maurice Ferreol;0,41;418
Square Marcel Doret;0,55;419
Square de la Concorde;0,21;420
Place Saint Charles;0,00;421
Parc Marx Dormoy;0,80;422
Square Alban Vistel;0,24;444
Place Ronde;0,10;423
Place Antoinette;0,00;424
Place de la Reconnaissance;0,99;425
Parc George Bazin;0,60;426
Place Louise;0,00;427
Place des Poilus;0,00;428
Place des Poilus;0,00;429
Place des Poilus;0,00;430
Place des Poilus;0,00;431
Place Henri;0,24;432
Place Antoine Gallay;0,00;433
Place Antoine Gallay;0,00;434
Square de l'Est;0,00;435
Square Jules Verne;0,85;436
Jardin Barra;0,00;437
Square Rebatel;0,26;438
Square St Maximin;0,00;439
Square Jean Reverzy;0,83;440
Parc Professeur Paul Sisley;0,71;441
Square Roger Brechan;0,20;442
Square René Fusier;0,72;443
Esplanade du Dauphin;0,22;445
Jardin Château Sans Souci;0,38;446
Place Rouget de l'Isle;0,85;447
Square Lacassagne;0,61;448
Jardin de l'Abbe Boisard;0,51;449
Jardin Joseph Kaplan;0,12;450
Square Bir Hakeim;0,65;451
Jardin Lavoisier;0,00;452
Place Danton;0,00;453
Jardin d'Essling;0,82;454
Place des Martyrs de la Risistance;1,00;455
Square Pierre Pelloux;1,00;456
Place Pierre Simon Ballanche;0,00;457
Place Gabriel Peri;0,36;458
Place Gabriel Peri;0,28;459
Place Antonin Jutard;0,00;460
Jardin des Berges Mari Sklodowska-Curie;0,16;461
Place Bahadourian;0,11;462
Place Voltaire;1,00;463
Place Voltaire;0,99;464
Place Voltaire;1,00;465
Jardin Chaponnay Voltaire;0,00;466
Square Edison;0,00;467
Square Sainte-Marie Perrin;0,75;468
Square Desaix;0,48;469
Jardin Pierre Renaudel;1,00;470
Jardin Commandant Aubertin;0,70;471
Voie Verte Bouchut;0,75;472
Place Guichard;0,79;473
Place Charles Beraudier;0,16;475
Place de Milan;0,28;476
Place de la Vilette;0,00;477
Place de Francfort;0,00;478
Jardin Soeur Jeanne Jugan;0,47;479
Square d'Aunigny;0,02;480
Square du Sacrr Coeur;0,62;481
Place Saint Anne;0,69;482
Square Combet Descombes;0,00;483
Place de la Ferrandière;0,80;484
Square de la Roseraie;0,60;485
Jardin des Tout-Petits;0,87;486
Square du  Bataillon Carmagnole Liberte;0,85;487
Square Florian;0,36;488
Place Camille Joly;0,50;489
Place de la Déportation;0,00;490
Esplanade Part-Dieu;0,00;491
Voie Verte des Halles;0,00;492
Square Moncey;0,80;493
Place Marc Aron;0,01;494
Jardin du Nouveau Palais de Justice;0,41;495
Square Delestraint;0,80;496
Jardin des berges Aletta Jacobs;0,04;497
Jardin des berges Reine Astrid;0,24;498
Square Jussieu;0,87;499
Place Ernest Cavellini;0,20;500
Square Pierre brossolette;0,19;501
Square Pierre Brossolette;0,36;502
Voie Verte Garibaldi;0,00;512
Voie Verte Garibaldi;0,24;513
Square Manouchian;0,23;514
Jardin de l'Embellie;0,15;515
Parc de Vaillant Couturier;0,60;516
Jardin des Berges Amalia Rodrigues;0,24;517
Place Edgard Quinet;0,63;518
Square de L'ossuaire;0,11;519
Square Louis Blanc;0,98;520
Jardin Garibaldi Europe;0,35;521
Square Jérome Bererd;1,00;522
Place Maréchal Lyautey;0,58;523
Jardin Cardinal Villot;0,94;524
Place Jacques Elmaleh;0,64;525
Jardin des 3 Renards;0,58;526
Square de la Légion d'Honneur;0,00;527
Place Kleber;0,44;528
Place Kleber;0,00;529
Place Kleber;0,26;530
Place Kleber;0,00;531
Place René Deroudille;0,36;532
Square des Droits de l'Enfant;0,40;533
Place Genéral Brosset;0,00;534
Place Genéral Brosset;0,04;535
Jardin Thiers;0,18;536
Square Gabriel Péri;0,95;537
Place Charles Hernu;0,20;538
Place Charles Hernu;0,19;539
Place Charles Hernu;0,00;540
Place Charles Hernu;0,52;541
Place Charles Hernu;0,00;542
Place des Passementiers;0,45;543
Square Roger Palanche et Rent Vidal;0,00;544
Jardin d'Inkermann;0,96;545
Square General Marcel Descour;0,32;546
Jardin des Charmettes;0,73;547
Square René Pellet;0,67;548
Esplanade Sakharov;0,74;549
Square des Ancients Combattants d'Afrique du Nord;0,61;550
Parc Jacques Prévert;0,59;551
Place Docteur Lazare Goujon;0,16;552
Square Henry Bertrand;0,84;553
Place Pierre Mendès France;0,04;554
Square Georges Lévy;0,73;555
Square Plaine Robinson;0,64;556
Square Dreieich;0,77;557
Jardin des berges Renata Tebaldi;0,16;558
Jardin des Berges Clara Campoamor;0,47;559
Square Félix Jacquier;0,78;560
Place Zoé Roche;0,66;561
Place d'Helvétie;0,91;562
;0,15;897
Jardin des Berges Marlène Dittrich;0,81;563
Jardin des Berges Dame Ellen Mac Arthur;0,88;564
Parc du Brétillod;0,68;565
Jardin des Poëtes;0,90;566
Parc de la Cité Internationale;0,45;567
Parc de la Cité Internationale;0,29;568
Parc de la Cité internationale;0,76;569
Place Jean Chorel;0,50;570
Place Rivière;0,00;571
Promenade du Sabot de Vénus;0,40;572
Square Edouard Michelet;0,80;573
Square Gendron;0,79;574
Esplanade Geneviève Anthonioz De Gaulle;0,67;575
Jardin du Temps des Cerises;0,80;576
Square Alice Vansteenderghe;0,82;577
Place de Croix-Luizet;0,85;578
Place des Buers;0,00;579
Place Paul Strauss;0,95;580
Place des Retrouvailles;0,96;581
Square de la France Libre;0,59;582
Square Gérard Maire;0,51;583
Place des Allobroges;0,00;584
Place Guy Moquet;0,00;585
Rue des Tilleuls;0,70;586
Place François Mauriac;0,11;587
;0,81;1000
Promenade Lénine;0,78;588
Place Noël Carmellino;0,08;589
Place Roger Laurent;0,71;590
Place Charles de Gaulle;0,16;591
Place de la Paix;0,00;592
Square de Nurtingen sur Neckar;0,78;593
Square de Nurtingen sur Neckar;0,59;594
Place Jean Moulin;0,12;595
Place François Millou;0,00;596
Place Xavier Ricard;0,18;597
Place Saint Luc;0,16;598
Place Jacques Prévert;0,11;599
Place Henri Cochet;0,03;600
Square du Professeur Galtier;0,07;601
Square de Barcelone;0,00;602
Square de Montreal;0,20;603
Place de l'Exposition Internationale;0,03;604
Square Debourg;0,16;605
Voie Verte Léopold Sédar Senghor;0,00;606
Voie Verte Fontenay;0,05;607
Voie Verte Chappet;0,63;608
Esplanade François Mitterand;0,00;609
Place de la Capitainerie;0,00;610
Rive de Saône Quai Rambaud;0,00;611
Berges du Rhône Leclerc;0,36;648
Rives de Saône Quai Maréchal Joffre;0,66;649
Rive de Saône Quai Rambaud;0,12;612
Square Casimir Périer;0,00;613
Place Chevalier Saint George;0,00;614
Place Abbé Larue;0,52;615
Place Saint Irénée;0,08;616
Voie Verte Parcours de Santé;0,99;617
Place de La Libération;0,27;618
Place du Marché;0,20;619
Place des 39 Fusillés;0,15;620
Jardin Place de Paris;0,33;621
Place Valmy;0,00;622
Place Valmy;0,25;623
Place Valmy;0,00;624
Promenade de la Sarra;0,62;625
Place de Fourvière;0,00;626
Place du Cloître de Fourvière;0,00;627
Jardin du Belvédère;0,67;628
Place de la Trinité;0,00;629
Place Edouard Commette;1,00;630
Place Saint Jean;0,00;631
Place Neuve Saint-Jean;0,00;632
Place de la Baleine;0,23;633
Place du Gouvernement;0,22;634
Place du Petit Collège;0,41;635
Place Saint Paul;0,00;636
Place Gerson;0,10;637
Rives de Saône Quai Saint-Vincent;0,08;638
Place le Viste;0,28;639
Place de l'Hôpital;0,00;640
Place des Jacobins;0,00;641
Place des Cordeliers;0,00;642
Place d'Albon;0,00;643
Place Meissonier;0,00;644
Berges Anna Lindh;0,00;645
Berges Anna Lindh;0,07;646
Berges Bertha Von Suttner;0,38;647
;0,00;898
Rives de Saône Quai Maréchal Joffre;0,03;650
Rives de Saône Quai Tilsitt;0,52;651
Rives de Saône Quai des Célestins;0,00;652
Rives de Saône Quai Saint Antoine;0,00;653
Rives de Saône Quai Pêcherie;0,52;654
Esplanade Duqaire;0,00;655
Rives de Saône Quai Bas Porte Gillet;0,24;656
Rive de Saône Chemin Nature;0,42;657
Parc de la Maison du Fleuve Rhône;0,51;658
Parc du manoir;0,69;659
Parc de la Mairie de Grigny;0,71;660
Parc des Berges;0,44;661
Parc de l'Orangerie;0,66;667
Jardin de la Condamine;0,31;668
Parc des Berges;0,35;662
Parc Historique de Beauregard;0,36;663
Fort de Côte Lorette;0,40;664
Parc de Faury;0,37;665
Grand Moulin de l'Yzeron;0,54;666
Boulevard de la République;0,81;782
Parc du Vivier;0,54;669
Place Carnot;0,55;670
Place Bellecour;0,10;671
Jardin du Palais Saint Pierre;0,89;672
Jardins des Chartreux;0,80;673
Promenade de la Rize;0,31;783
Parc de Saint Clair;0,21;674
Parc Brosset;0,46;675
Parc des Horizons;0,08;676
Parc des Gorges d'Enfer;0,65;677
Parc de Rancé;0,57;678
Jardin de l'Institut Lumiere;0,56;679
Promenade de la Rize;0,31;784
Parc Chambovet;0,52;680
Parc Maurice Sauthier;0,59;681
Jardin des Droits de l'Homme;0,55;682
Grand Large;0,03;683
Parc de la Cerisaie;0,75;689
Parc de Gerland;0,20;693
Parc de Parilly;0,68;694
Parc de Parilly;0,84;695
;0,54;1001
Forêt de Feuilly;0,80;684
Parc Paul Mouyon;0,62;685
Parc Théodore Monod;0,18;686
Parc Blandan;0,23;692
Parc de Parilly;0,80;696
Parc de la Feyssine;0,61;687
Quai des Berges Renata Tebaldi;0,65;697
Parc du Vivier;0,82;698
Grand Parc de Miribel-Jonage;0,49;723
Parc de la Tête d'Or;0,46;688
;0,00;899
Domaine de Lacroix Laval;0,68;690
Parc des hauteurs et Jardins du Rosaire;0,73;691
Parc de Parilly;0,84;710
;0,00;900
Promenade Lénine;0,44;699
Jardin des Berges Melina Mercouri;0,02;700
Parc du Vallon;0,54;701
Voie Verte Parcours de Santé;0,94;702
Rive de Saône Quai Rambaud;0,09;703
Place des Docks;0,29;704
Rive de Saône;0,00;705
Parc de la Visitation;0,36;706
Jardin des Plantes;0,59;707
Parc de Parilly;0,77;708
Parc de Parilly;0,63;709
Promenade de la Rize;0,31;785
Grand Parc de Miribel-Jonage;0,76;711
Grand Parc de Miribel-Jonage;0,14;712
Grand Parc de Miribel-Jonage;0,88;713
Grand Parc de Miribel-Jonage;0,50;714
Grand Parc de Miribel-Jonage;0,79;715
Grand Parc de Miribel-Jonage;0,45;716
Grand Parc de Miribel-Jonage;0,76;717
Grand Parc de Miribel-Jonage;0,62;718
Grand Parc de Miribel-Jonage;0,64;719
Grand Parc de Miribel-Jonage;0,22;720
Grand Parc de Miribel-Jonage;0,67;721
Grand Parc de Miribel-Jonage;0,49;722
Promenade de la Rize;0,31;786
Grand Parc de Miribel-Jonage;0,49;724
Grand Parc de Miribel-Jonage;0,49;725
Parc de la Cité Berliet;0,41;726
Stade du Merlo;0,15;727
Parc du Prado;0,62;728
Chemin de la Herse;0,20;729
Place Louis Pradel;0,02;730
Allée du Frère Benoît;0,12;731
Terrain d'aventure;0,28;732
Parc de la Chauderaie;0,79;733
Parc du Grillon;0,41;734
Square Bulakian;0,02;735
Rue Maryse Bastié;0,41;736
Rue du Traité de Rome;0,14;755
Promenade de la Rize;0,31;787
Place des Palabres;0,00;737
Square Château Gaillard;0,54;738
Jardin Alexis-Jordan;0,78;739
Rue Colin;0,31;740
Parc Chanteur;0,44;741
Square M. Claeys;0,55;742
Parc des Droits de l'homme;0,62;743
Parc de la Maison Berty-Albrecht;0,19;744
Rue Félix Rollet;0,01;745
Place de l'Europe;0,59;746
Parc Georges Manillier;0,47;747
Rue du Centenaire;0,62;748
Place des Moulins du Rhône;0,00;749
Parc de la Roue;0,66;750
Chemin du Creux;0,92;842
Chemin de Contre-Halage;0,70;751
Chemin de Contre-Halage;0,70;752
Chemin de Contre-Halage;0,70;753
Chemin de Contre-Halage;0,70;754
Stade Francisque Jomard;0,03;756
Square Casanova;0,58;757
Rue des Violettes;0,07;758
Square Pressensé;0,00;759
Rue des Macchabées;0,09;760
Espace de Loisirs Coulouvrier;0,27;769
Rue Paul Eluard;0,00;770
Rue Paul Eluard;0,00;771
Rue Paul Eluard;0,00;772
Promenade Léa et Napoléon Bullukian;0,21;773
Promenade Parc de Miribel;0,01;774
Jardin partagé pédagogique La Pinède;0,00;775
Rue de Saint-Cyr;0,26;776
Face Cirque Imagine;0,01;777
Rue Franklin;0,00;778
Rue Jean Lurçat;0,00;779
Allée des Cyprès;0,60;780
Mairie annexe de Champagne;0,00;781
;0,00;901
Rue du Repos;0,75;761
Délaissé;0,42;762
Délaissé;0,42;763
Délaissé;0,42;764
Délaissé;0,42;765
Délaissé;0,42;766
Espace Noëlle Grégoire;0,00;767
Square Grimma;0,54;768
Promenade de la Rize;0,31;788
Promenade de la Rize;0,31;789
Promenade de la Rize;0,31;790
Promenade de la Rize;0,31;791
Promenade de la Rize;0,31;792
;0,00;1002
Promenade de la Rize;0,31;793
Stade Dumont;0,09;794
Garibaldi Berthelot;0,17;795
Avenue de l'Europe;0,06;796
Parc urbain de Vancia;0,69;797
;0,13;968
Square Agnès Neyret;0,00;798
Jardins familiaux;0,00;799
Jardins EDF;0,16;800
Chemin de la Rize;0,32;801
Rue des Farges;0,37;802
Place Docteur Schweitzer;0,68;803
Promenade parc de Miribel;0,69;804
Rue Georges Salendre;0,03;821
Parc Municipal Elsa Triolet;0,65;843
;0,00;969
Promenade parc de Miribel;0,69;805
Rue du Lieutenant-Colonel Girard;0,44;806
Allée Yasser Arafat, Yitzhak Rabin et Shimon Peres;0,40;807
Square Capitaine Billon;0,67;808
Guillermin Terraillon;0,26;809
Parc François Mitterrand;0,01;810
Parc François Mitterrand;0,01;811
Parc François Mitterrand;0,01;812
Parc François Mitterrand;0,01;813
Rue de la République;0,78;814
Jardins impasse de la Thibaude;0,24;815
Rue de la Tase;0,00;816
Aire de jeux Philomène Rozan;0,00;817
Rue Georges Seguin;0,03;818
Place Béatrice Arzt;0,00;819
Jardin cours Eugénie;0,00;820
;0,55;871
Parc Nathalie Gautier;0,16;970
Fort de Bron;0,81;822
Vancia;0,86;823
Rue Louis Duclos;0,06;824
Confluence;0,00;825
Mas Dessous Montchat;0,18;840
Confluence;0,00;826
Rue Saint Théodore;0,04;827
Derrière Piscine de Vaise;0,79;828
Ruer Pesselière;0,01;829
Rue des Noyers;0,50;830
Jardin Roquette;0,00;831
Stade Edouard Aubert;0,06;832
Gymnase Jean-Jacques Rousseau;0,18;833
Parc des loustics;0,28;841
Square de Weissach;0,31;971
Chemin Montpellas;0,41;834
Square Diday;0,00;835
Parc de la passerelle;0,24;836
Boulevard de Balmont;0,63;837
Avenue Garibaldi;0,00;838
Quai Rambaud;0,00;839
;0,73;1003
Parc Municipal Elsa Triolet;0,65;844
;0,13;845
Square des Quatre Colonnes;0,00;846
Hippodrome de Lyon - Carré de Soie;0,01;847
Avenue Franklin Roosevelt;0,89;848
Parc Nelson Mandela;0,00;849
Rue Gandolière;0,99;850
Parc d'Ombreval;0,10;851
Square du 8 Mai 1945;0,54;852
Station Mue;0,03;853
;0,48;854
;0,68;855
Esplanade Jacques Chirac;0,52;872
;0,00;997
Pelouse des Humanités;0,13;856
Bois du Baron;0,00;857
;0,62;858
Parc du Rhône;0,72;859
Parc Lisbeth Bouquin;0,55;860
;0,03;861
;0,57;862
;0,77;863
Square Henri Frenay;0,51;864
;0,01;865
Rosa Parks;0,15;866
;0,17;867
;0,15;868
Square Spielberg;0,85;869
Parc des Pachottes;0,00;870
Square des Anciens Combattants d'Afrique du Nord;0,84;873
;0,00;874
Parc du Prieuré;0,00;875
;0,00;876
;0,48;877
Parc du Puy d'or;0,64;878
;0,00;879
;0,73;880
;0,08;881
;0,00;882
Parc Louis Pergaud;0,62;883
;0,45;884
;0,00;885
Aire de Skateboard;0,00;886
Parc de la Mairie;0,35;887
Jardin du Molliet;0,12;888
;0,14;889
;0,41;890
;0,21;891
;0,00;892
Square Général de Gaulle;0,51;893
;0,39;894
;0,72;895
;0,00;896
;0,17;902
;0,00;903
;0,00;904
;0,16;905
;0,11;906
;0,49;907
;0,00;908
;0,37;909
;0,17;910
;0,00;911
;0,30;912
;0,48;913
;0,07;914
;0,00;915
;0,00;916
Parc Vaclav-Havel;0,33;917
;0,63;918
Square Bernard Meunier;0,56;919
Square Lucien-Agnel;0,00;920
Jardin de Poche Bienvenus Perroncel;0,00;921
;0,00;922
Promenade de la gare;0,00;923
Parc Jacob-Hugentobler;0,20;924
;0,01;925
;0,00;926
Square Bufflier;0,38;927
;0,16;998
Prairie de la Berthaudière;0,13;928
Square Orsel;0,00;929
;0,34;930
Place Général Delfosse;0,50;931
;0,00;932
;0,00;933
;0,00;934
Pré au cheval;0,29;935
Place Camille Georges;0,00;936
;0,00;937
;0,00;938
;0,01;939
;0,00;940
;0,02;941
;0,53;942
Place de la Paix;0,00;943
Parc de Montvallon;0,41;944
Square Général Brosset;0,63;945
;0,20;999
Parc du Château;0,00;946
;0,06;947
Parc Normandie Niemen;0,54;948
;0,00;949
;0,93;950
;0,42;951
;0,12;952
;0,00;953
;0,00;954
;0,00;955
;0,00;956
;0,01;957
;0,07;958
;0,00;959
Square Les Floralies;0,57;960
;0,80;961
;0,00;962
;0,17;963
;0,15;964
;0,00;965
;0,00;966
;0,00;967
Parc municipal de Chassagne;0,00;972
;0,00;973
;0,16;974
;0,54;975
;0,02;976
Parc Dupoizat;0,28;977
Skate park;0,01;978
;0,49;979
;0,00;980
Square Ninon Vallin;0,45;981
Parc Bourchanin;0,29;982
;0,59;983
Parc public François Treyve;0,81;984
;0,33;985
;0,00;986
;0,16;987
;0,54;988
Square Huguette Bois;0,34;989
Square Henri Barbusse;0,19;990
;0,33;991
;0,53;992
Place Maréchal Joffre;0,46;993
;0,04;994
;0,07;995
;0,00;996
;0,97;1073
;0,38;1004
Parc de la Colandière;0,00;1005
;0,00;1006
;0,35;1007
Parc Réaux;0,00;1008
;0,00;1009
;0,00;1010
;0,10;1011
;0,28;1012
;0,77;1013
;0,73;1014
;0,05;1015
;0,60;1016
;0,84;1017
;0,69;1018
Parc République;0,51;1019
;0,30;1020
;0,03;1074
;0,12;1021
Parc de la Tourette;0,09;1022
Parc de la Tourette;0,09;1023
Square Félix Lebossé;0,79;1056
;0,00;1057
;0,01;1024
;0,31;1025
Parc du Château de Veynes;0,00;1026
;1,00;1027
;0,08;1028
;0,55;1029
Parc des Etangs de Mathan;0,97;1030
Place de la République;0,74;1031
;0,03;1032
;1,00;1033
Place d'Helvétie;0,57;1034
;0,00;1035
;0,48;1075
Parc Jourdan;0,00;1036
;0,00;1037
Parc du Fort;0,66;1038
Square Paul Claudel;0,27;1082
Parc du Château;0,37;1039
;0,34;1040
;0,34;1041
Place Saint-Alexandre;0,55;1042
Square Elie Vignal;0,95;1043
Parc Nelson Mandela;0,11;1044
Parc de Rajat;0,00;1045
Square de la Doua;0,73;1046
Parc des Trois Cerisiers;0,56;1047
Parc de l'Accueil;0,66;1048
Parc de l'Europe;0,59;1049
;0,17;1050
;0,39;1051
Parc du Fort de Meyzieu;0,98;1076
;0,04;1077
;0,81;1052
La roseraie de Montessuy;0,01;1053
Parc de la Maison des Champs;0,43;1054
Square Songieu;0,88;1055
;0,00;1058
;0,00;1059
;0,00;1060
;0,00;1061
;0,30;1062
;0,00;1063
Parc Bourlione;0,17;1064
;0,00;1065
Skate park;0,35;1066
Parc de la mairie;0,41;1067
Pelouse du Premier Cycle;0,32;1068
Jardin archéologique;0,00;1069
Place Edouard Herriot;0,38;1070
;0,37;1071
Square Antoine Foret;0,00;1072
;0,16;1078
;0,00;1079
;0,00;1080
;0,00;1081
;0,00;1083
;0,25;1084
;0,11;1085
;0,41;1086
;0,53;1087
;0,54;1088
;0,90;1089
Square des Justes;0,86;1090
Parc René Dumont;0,78;1091
;0,07;1092
Parc de l'Aqueduc;0,15;1093
Parc de la Commune de Paris;0,74;1094
Parc des Sports de la Terre des Lièvres;0,09;1095
Square Léon Meiss;0,64;1096
Parc du musée Gadagne;0,07;1097
Parc du Brûlet;0,54;1098
Jardin de poche des Poulettes;0,12;1099
;0,00;1100
Jardin Alfred Sauvy;0,31;1101
Square du Château;0,00;1102
City Aventure;1,00;1103
Place Jean Fleury Coponat;0,53;1104
Square Evariste Galois;0,34;1105
;0,14;1106
;0,45;1107
Eco-Parc;0,21;1108
;0,32;1109
Jardin de la Filature;0,08;1110
;0,00;1111
;0,35;1112
;0,41;1113
Paroisse Sainte-Thérèse;0,16;1114
;0,42;1115
;0,45;1116
;0,41;1117
;0,39;1118
;0,00;1119
;0,34;1120
;0,38;1121
Parc du Colombier;0,40;1122
Jardin des Mille Couleurs;0,55;1123
;0,87;1124
Parc Etienne Gagnaire;0,25;1125
Parc de la Pomme;0,55;1126
;0,34;1143
Parc de L'Atrium;0,30;1127
;0,00;1128
Jardins de l'Hôtel de ville;0,66;1129
;0,53;1130
Jardin de botanique de l'ISPB;0,72;1217
;0,37;1131
;0,68;1132
Parc de la Mairie;0,74;1133
Parc de Bel Air 1;0,21;1134
Square Jules Ferry;0,47;1135
;0,38;1136
Parc public de l'Etoile;0,77;1137
;0,00;1138
;0,00;1139
Place des Frères Voisin;0,00;1140
;0,04;1141
;0,54;1142
Parc Louis Dupic;0,62;1144
;0,00;1167
;0,00;1145
;0,60;1146
;0,16;1147
;0,23;1148
;0,84;1149
Square Edouard Herriot;0,45;1150
;0,00;1151
;0,45;1152
Pré des Castors;0,17;1153
;0,68;1154
;0,63;1155
;0,00;1156
Parc de Sanzy;0,82;1157
;0,00;1158
;0,68;1159
Parc de Loisirs Champvillard;0,28;1160
;0,33;1161
;0,00;1162
;0,00;1163
;0,00;1164
;0,00;1165
;0,00;1166
;0,02;1168
;0,00;1169
;0,00;1170
;0,00;1171
;0,00;1172
;0,00;1173
;0,06;1174
;0,75;1175
;0,00;1176
;0,36;1177
;0,24;1178
;0,26;1179
;0,56;1180
;0,20;1181
;0,40;1182
;0,06;1183
;0,33;1184
;0,62;1185
Parc Brignais;0,00;1186
Parc du Haut de la Combe;0,39;1187
Parc Bourrat;0,57;1188
;0,00;1189
;0,21;1190
;0,15;1215
;0,00;1191
;0,30;1192
;0,08;1193
;0,00;1194
;0,16;1195
Parc de la Roseraie;0,00;1196
Jardins de l'ENS;0,51;1197
Place Georges Salendre;0,13;1198
;0,31;1199
;0,22;1200
;0,03;1201
Square Général Pierre Robert de Saint-Vincent;0,34;1202
Cours extérieure du mirage;0,00;1203
;0,47;1204
;0,00;1205
;0,04;1206
;0,17;1207
;0,00;1208
;0,00;1209
;0,46;1210
Parc de la Mairie;0,51;1211
;0,86;1212
;1,00;1213
;0,56;1214
;0,00;1216
;0,07;1218
;0,27;1219
